,X,Date,month,Day,Year,Hour,Day.of.Week,WeekDay,Peakhour,Temperature,KWh
1,1,12/1/14,12,1,2014,0,1,1,1,51.98,138.9953323
2,2,12/1/14,12,1,2014,1,1,1,1,51.98,138.3513412
3,3,12/1/14,12,1,2014,2,1,1,1,51.08,137.4833251
4,4,12/1/14,12,1,2014,3,1,1,1,51.08,136.839334
5,5,12/1/14,12,1,2014,4,1,1,1,51.08,136.1953429
6,6,12/1/14,12,1,2014,5,1,1,1,51.08,135.5513518
7,7,12/1/14,12,1,2014,6,1,1,1,50,134.6385307
8,8,12/1/14,12,1,2014,7,1,1,0,53.06,134.7562246
9,9,12/1/14,12,1,2014,8,1,1,0,55.94,134.8291135
10,10,12/1/14,12,1,2014,9,1,1,0,60.08,135.2156374
11,11,12/1/14,12,1,2014,10,1,1,0,60.08,134.5716463
12,12,12/1/14,12,1,2014,11,1,1,0,62.06,134.4205102
13,13,12/1/14,12,1,2014,12,1,1,0,62.96,134.0005441
14,14,12/1/14,12,1,2014,13,1,1,0,60.98,132.863698
15,15,12/1/14,12,1,2014,14,1,1,0,57.92,131.4580219
16,16,12/1/14,12,1,2014,15,1,1,0,55.04,130.0971508
17,17,12/1/14,12,1,2014,16,1,1,0,53.06,128.9603047
18,18,12/1/14,12,1,2014,17,1,1,0,51.08,127.8234586
19,19,12/1/14,12,1,2014,18,1,1,0,48.92,126.6418075
20,20,12/1/14,12,1,2014,19,1,1,0,48.02,125.7737914
21,21,12/1/14,12,1,2014,20,1,1,1,46.94,124.8609704
22,22,12/1/14,12,1,2014,21,1,1,1,42.98,123.2312693
23,23,12/1/14,12,1,2014,22,1,1,1,41,122.0944232
24,24,12/1/14,12,1,2014,23,1,1,1,39.02,120.9575771
25,25,12/2/14,12,2,2014,0,2,1,1,37.94,135.5005424
26,26,12/2/14,12,2,2014,1,2,1,1,37.04,134.6325263
27,27,12/2/14,12,2,2014,2,2,1,1,35.96,133.7197052
28,28,12/2/14,12,2,2014,3,2,1,1,35.06,132.8516891
29,29,12/2/14,12,2,2014,4,2,1,1,35.06,132.207698
30,30,12/2/14,12,2,2014,5,2,1,1,33.98,131.2948769
31,31,12/2/14,12,2,2014,6,2,1,1,33.98,130.6508858
32,32,12/2/14,12,2,2014,7,2,1,0,33.08,129.7828697
33,33,12/2/14,12,2,2014,8,2,1,0,33.08,129.1388786
34,34,12/2/14,12,2,2014,9,2,1,0,33.98,128.7189125
35,35,12/2/14,12,2,2014,10,2,1,0,35.06,128.3437514
36,36,12/2/14,12,2,2014,11,2,1,0,37.04,128.1926153
37,37,12/2/14,12,2,2014,12,2,1,0,37.04,127.5486242
38,38,12/2/14,12,2,2014,13,2,1,0,37.04,126.9046331
39,39,12/2/14,12,2,2014,14,2,1,0,37.04,126.260642
40,40,12/2/14,12,2,2014,15,2,1,0,37.22,125.6614559
41,41,12/2/14,12,2,2014,16,2,1,0,35.96,124.7038298
42,42,12/2/14,12,2,2014,17,2,1,0,35.96,124.0598387
43,43,12/2/14,12,2,2014,18,2,1,0,36.68,123.5950676
44,44,12/2/14,12,2,2014,19,2,1,0,37.04,123.0406865
45,45,12/2/14,12,2,2014,20,2,1,1,37.67,122.5535129
46,46,12/2/14,12,2,2014,21,2,1,1,39.02,122.2455593
47,47,12/2/14,12,2,2014,22,2,1,1,39.32,121.6762432
48,48,12/2/14,12,2,2014,23,2,1,1,41,121.4504321
49,49,12/3/14,12,3,2014,0,3,1,1,42.89,136.7326799
50,50,12/3/14,12,3,2014,1,3,1,1,43.82,136.3201813
51,51,12/3/14,12,3,2014,2,3,1,1,44.96,135.9599552
52,52,12/3/14,12,3,2014,3,3,1,1,44.78,135.2711591
53,53,12/3/14,12,3,2014,4,3,1,1,45.14,134.716778
54,54,12/3/14,12,3,2014,5,3,1,1,45.23,134.0951894
55,55,12/3/14,12,3,2014,6,3,1,1,37.58,131.5469858
56,56,12/3/14,12,3,2014,7,3,1,0,37.22,130.8133847
57,57,12/3/14,12,3,2014,8,3,1,0,37.94,130.3486136
58,58,12/3/14,12,3,2014,9,3,1,0,39.02,129.9734525
59,59,12/3/14,12,3,2014,10,3,1,0,40.1,129.5982914
60,60,12/3/14,12,3,2014,11,3,1,0,44.06,129.9400103
61,61,12/3/14,12,3,2014,12,3,1,0,46.31,129.8560817
62,62,12/3/14,12,3,2014,13,3,1,0,50,130.130593
63,63,12/3/14,12,3,2014,14,3,1,0,51.08,129.7554319
64,64,12/3/14,12,3,2014,15,3,1,0,51.44,129.2010508
65,65,12/3/14,12,3,2014,16,3,1,0,50,128.1986197
66,66,12/3/14,12,3,2014,17,3,1,0,50,127.5546286
67,67,12/3/14,12,3,2014,18,3,1,0,50,126.9106375
68,68,12/3/14,12,3,2014,19,3,1,0,49.46,126.1322314
69,69,12/3/14,12,3,2014,20,3,1,1,48.02,125.1298003
70,70,12/3/14,12,3,2014,21,3,1,1,42.98,123.2312693
71,71,12/3/14,12,3,2014,22,3,1,1,42.08,122.3632532
72,72,12/3/14,12,3,2014,23,3,1,1,39.92,121.1816021
73,73,12/4/14,12,4,2014,0,4,1,1,39.02,135.7693724
74,74,12/4/14,12,4,2014,1,4,1,1,37.94,134.8565513
75,75,12/4/14,12,4,2014,2,4,1,1,37.94,134.2125602
76,76,12/4/14,12,4,2014,3,4,1,1,37.04,133.3445441
77,77,12/4/14,12,4,2014,4,4,1,1,37.04,132.700553
78,78,12/4/14,12,4,2014,5,4,1,1,33.98,131.2948769
79,79,12/4/14,12,4,2014,6,4,1,1,33.98,130.6508858
80,80,12/4/14,12,4,2014,7,4,1,0,35.06,130.2757247
81,81,12/4/14,12,4,2014,8,4,1,0,37.94,130.3486136
82,82,12/4/14,12,4,2014,9,4,1,0,39.92,130.1974775
83,83,12/4/14,12,4,2014,10,4,1,0,41,129.8223164
84,84,12/4/14,12,4,2014,11,4,1,0,42.08,129.4471553
85,85,12/4/14,12,4,2014,12,4,1,0,42.98,129.0271892
86,86,12/4/14,12,4,2014,13,4,1,0,42.98,128.3831981
87,87,12/4/14,12,4,2014,14,4,1,0,42.08,127.515182
88,88,12/4/14,12,4,2014,15,4,1,0,39.92,126.3335309
89,89,12/4/14,12,4,2014,16,4,1,0,37.04,124.9726598
90,90,12/4/14,12,4,2014,17,4,1,0,35.96,124.0598387
91,91,12/4/14,12,4,2014,18,4,1,0,33.98,122.9229926
92,92,12/4/14,12,4,2014,19,4,1,0,33.08,122.0549765
93,93,12/4/14,12,4,2014,20,4,1,1,32,121.1421554
94,94,12/4/14,12,4,2014,21,4,1,1,30.92,120.2293344
95,95,12/4/14,12,4,2014,22,4,1,1,30.02,119.3613183
96,96,12/4/14,12,4,2014,23,4,1,1,30.02,118.7173272
97,97,12/5/14,12,5,2014,0,5,1,1,28.94,133.2602925
98,98,12/5/14,12,5,2014,1,5,1,1,28.04,132.3922764
99,99,12/5/14,12,5,2014,2,5,1,1,28.04,131.7482853
100,100,12/5/14,12,5,2014,3,5,1,1,26.96,130.8354642
101,101,12/5/14,12,5,2014,4,5,1,1,26.96,130.1914731
102,102,12/5/14,12,5,2014,5,5,1,1,26.96,129.547482
103,103,12/5/14,12,5,2014,6,5,1,1,26.06,128.6794659
104,104,12/5/14,12,5,2014,7,5,1,0,26.96,128.2594998
105,105,12/5/14,12,5,2014,8,5,1,0,30.02,128.3771937
106,106,12/5/14,12,5,2014,9,5,1,0,32,128.2260575
107,107,12/5/14,12,5,2014,10,5,1,0,35.96,128.5677764
108,108,12/5/14,12,5,2014,11,5,1,0,37.94,128.4166403
109,109,12/5/14,12,5,2014,12,5,1,0,42.08,128.8031642
110,110,12/5/14,12,5,2014,13,5,1,0,42.08,128.1591731
111,111,12/5/14,12,5,2014,14,5,1,0,41,127.246352
112,112,12/5/14,12,5,2014,15,5,1,0,39.92,126.3335309
113,113,12/5/14,12,5,2014,16,5,1,0,39.92,125.6895398
114,114,12/5/14,12,5,2014,17,5,1,0,39.92,125.0455487
115,115,12/5/14,12,5,2014,18,5,1,0,41,124.6703876
116,116,12/5/14,12,5,2014,19,5,1,0,41,124.0263965
117,117,12/5/14,12,5,2014,20,5,1,1,41,123.3824054
118,118,12/5/14,12,5,2014,21,5,1,1,41,122.7384143
119,119,12/5/14,12,5,2014,22,5,1,1,39.92,121.8255932
120,120,12/5/14,12,5,2014,23,5,1,1,39.56,121.0919921
121,121,12/6/14,12,6,2014,0,6,0,1,39.74,135.1541938
122,122,12/6/14,12,6,2014,1,6,0,1,40.1,134.5998127
123,123,12/6/14,12,6,2014,2,6,0,1,42.08,134.4486766
124,124,12/6/14,12,6,2014,3,6,0,1,42.86,133.9988405
125,125,12/6/14,12,6,2014,4,6,0,1,44.42,133.7431594
126,126,12/6/14,12,6,2014,5,6,0,1,44.78,133.1887783
127,127,12/6/14,12,6,2014,6,6,0,1,44.78,132.5447872
128,128,12/6/14,12,6,2014,7,6,0,0,44.72,131.8858611
129,129,12/6/14,12,6,2014,8,6,0,0,41,130.3159
130,130,12/6/14,12,6,2014,9,6,0,0,39.14,129.2089239
131,131,12/6/14,12,6,2014,10,6,0,0,37.94,128.2662329
132,132,12/6/14,12,6,2014,11,6,0,0,39.02,127.8910717
133,133,12/6/14,12,6,2014,12,6,0,0,39.02,127.2470806
134,134,12/6/14,12,6,2014,13,6,0,0,39.56,126.7375045
135,135,12/6/14,12,6,2014,14,6,0,0,39.92,126.1831234
136,136,12/6/14,12,6,2014,15,6,0,0,41,125.8079623
137,137,12/6/14,12,6,2014,16,6,0,0,41,125.1639712
138,138,12/6/14,12,6,2014,17,6,0,0,41,124.5199801
139,139,12/6/14,12,6,2014,18,6,0,0,39.02,123.383134
140,140,12/6/14,12,6,2014,19,6,0,0,39.02,122.7391429
141,141,12/6/14,12,6,2014,20,6,0,1,39.02,122.0951518
142,142,12/6/14,12,6,2014,21,6,0,1,39.02,121.4511607
143,143,12/6/14,12,6,2014,22,6,0,1,37.94,120.5383397
144,144,12/6/14,12,6,2014,23,6,0,1,37.94,119.8943486
145,145,12/7/14,12,7,2014,0,0,0,1,37.22,134.5269239
146,146,12/7/14,12,7,2014,1,0,0,1,35.78,133.5244928
147,147,12/7/14,12,7,2014,2,0,0,1,37.22,133.2389417
148,148,12/7/14,12,7,2014,3,0,0,1,37.22,132.5949506
149,149,12/7/14,12,7,2014,4,0,0,1,35.96,131.6373245
150,150,12/7/14,12,7,2014,5,0,0,1,35.06,130.7693084
151,151,12/7/14,12,7,2014,6,0,0,1,33.89,129.8340848
152,152,12/7/14,12,7,2014,7,0,0,0,33.98,129.2124962
153,153,12/7/14,12,7,2014,8,0,0,0,33.98,128.5685051
154,154,12/7/14,12,7,2014,9,0,0,0,33.98,127.924514
155,155,12/7/14,12,7,2014,10,0,0,0,33.98,127.2805229
156,156,12/7/14,12,7,2014,11,0,0,0,33.98,126.6365318
157,157,12/7/14,12,7,2014,12,0,0,0,33.98,125.9925407
158,158,12/7/14,12,7,2014,13,0,0,0,35.96,125.8414046
159,159,12/7/14,12,7,2014,14,0,0,0,37.04,125.4662435
160,160,12/7/14,12,7,2014,15,0,0,0,35.96,124.5534224
161,161,12/7/14,12,7,2014,16,0,0,0,32,122.9237213
162,162,12/7/14,12,7,2014,17,0,0,0,30.02,121.7868752
163,163,12/7/14,12,7,2014,18,0,0,0,28.04,120.6500291
164,164,12/7/14,12,7,2014,19,0,0,0,26.06,119.513183
165,165,12/7/14,12,7,2014,20,0,0,1,24.08,118.3763369
166,166,12/7/14,12,7,2014,21,0,0,1,23,117.4635158
167,167,12/7/14,12,7,2014,22,0,0,1,21.92,116.5506947
168,168,12/7/14,12,7,2014,23,0,0,1,21.02,115.6826787
169,169,12/8/14,12,8,2014,0,1,1,1,19.67,130.952835
170,170,12/8/14,12,8,2014,1,1,1,1,19.94,130.3760514
171,171,12/8/14,12,8,2014,2,1,1,1,19.04,129.5080353
172,172,12/8/14,12,8,2014,3,1,1,1,19.04,128.8640442
173,173,12/8/14,12,8,2014,4,1,1,1,19.04,128.2200531
174,174,12/8/14,12,8,2014,5,1,1,1,17.96,127.307232
175,175,12/8/14,12,8,2014,6,1,1,1,19.04,126.9320709
176,176,12/8/14,12,8,2014,7,1,1,0,19.04,126.2880798
177,177,12/8/14,12,8,2014,8,1,1,0,19.94,125.8681137
178,178,12/8/14,12,8,2014,9,1,1,0,21.02,125.4929526
179,179,12/8/14,12,8,2014,10,1,1,0,21.02,124.8489615
180,180,12/8/14,12,8,2014,11,1,1,0,21.92,124.4289954
181,181,12/8/14,12,8,2014,12,1,1,0,23,124.0538343
182,182,12/8/14,12,8,2014,13,1,1,0,24.08,123.6786732
183,183,12/8/14,12,8,2014,14,1,1,0,24.08,123.0346821
184,184,12/8/14,12,8,2014,15,1,1,0,24.89,122.5923135
185,185,12/8/14,12,8,2014,16,1,1,0,24.98,121.9707249
186,186,12/8/14,12,8,2014,17,1,1,0,26.06,121.5955638
187,187,12/8/14,12,8,2014,18,1,1,0,26.06,120.9515727
188,188,12/8/14,12,8,2014,19,1,1,0,26.33,120.3747891
189,189,12/8/14,12,8,2014,20,1,1,1,25.79,119.596383
190,190,12/8/14,12,8,2014,21,1,1,1,24.89,118.7283669
191,191,12/8/14,12,8,2014,22,1,1,1,25.43,118.2187908
192,192,12/8/14,12,8,2014,23,1,1,1,27.635,118.1236609
193,193,12/9/14,12,9,2014,0,2,1,1,30.32,133.6037975
194,194,12/9/14,12,9,2014,1,2,1,1,32.66,133.5422713
195,195,12/9/14,12,9,2014,2,2,1,1,39.2,134.5261952
196,196,12/9/14,12,9,2014,3,2,1,1,42.08,134.5990841
197,197,12/9/14,12,9,2014,4,2,1,1,37.04,132.700553
198,198,12/9/14,12,9,2014,5,2,1,1,37.4,132.1461719
199,199,12/9/14,12,9,2014,6,2,1,1,42.89,132.8687333
200,200,12/9/14,12,9,2014,7,2,1,0,42.98,132.2471447
201,201,12/9/14,12,9,2014,8,2,1,0,44.06,131.8719836
202,202,12/9/14,12,9,2014,9,2,1,0,44.96,131.4520175
203,203,12/9/14,12,9,2014,10,2,1,0,44.78,130.7632214
204,204,12/9/14,12,9,2014,11,2,1,0,44.96,130.1640353
205,205,12/9/14,12,9,2014,12,2,1,0,46.28,129.8486142
206,206,12/9/14,12,9,2014,13,2,1,0,46.94,129.3689081
207,207,12/9/14,12,9,2014,14,2,1,0,46.94,128.724917
208,208,12/9/14,12,9,2014,15,2,1,0,46.58,127.9913159
209,209,12/9/14,12,9,2014,16,2,1,0,48.02,127.7057647
210,210,12/9/14,12,9,2014,17,2,1,0,48.14,127.0916436
211,211,12/9/14,12,9,2014,18,2,1,0,48.44,126.5223275
212,212,12/9/14,12,9,2014,19,2,1,0,48.92,125.9978164
213,213,12/9/14,12,9,2014,20,2,1,1,48.56,125.2642153
214,214,12/9/14,12,9,2014,21,2,1,1,48.92,124.7098342
215,215,12/9/14,12,9,2014,22,2,1,1,48.92,124.0658431
216,216,12/9/14,12,9,2014,23,2,1,1,48.92,123.421852
217,217,12/10/14,12,10,2014,0,3,1,1,46.04,137.5167674
218,218,12/10/14,12,10,2014,1,3,1,1,44.96,136.6039463
219,219,12/10/14,12,10,2014,2,3,1,1,42.98,135.4671002
220,220,12/10/14,12,10,2014,3,3,1,1,42.08,134.5990841
221,221,12/10/14,12,10,2014,4,3,1,1,42.08,133.955093
222,222,12/10/14,12,10,2014,5,3,1,1,42.2,133.3409719
223,223,12/10/14,12,10,2014,6,3,1,1,41,132.3982808
224,224,12/10/14,12,10,2014,7,3,1,0,41.9,131.9783147
225,225,12/10/14,12,10,2014,8,3,1,0,41,131.1102986
226,226,12/10/14,12,10,2014,9,3,1,0,41,130.4663075
227,227,12/10/14,12,10,2014,10,3,1,0,41.36,129.9119264
228,228,12/10/14,12,10,2014,11,3,1,0,42.56,129.5666353
229,229,12/10/14,12,10,2014,12,3,1,0,42.44,128.8927742
230,230,12/10/14,12,10,2014,13,3,1,0,42.56,128.2786531
231,231,12/10/14,12,10,2014,14,3,1,0,41,127.246352
232,232,12/10/14,12,10,2014,15,3,1,0,39.92,126.3335309
233,233,12/10/14,12,10,2014,16,3,1,0,39.92,125.6895398
234,234,12/10/14,12,10,2014,17,3,1,0,39.11,124.8439262
235,235,12/10/14,12,10,2014,18,3,1,0,39.11,124.1999351
236,236,12/10/14,12,10,2014,19,3,1,0,39.02,123.5335415
237,237,12/10/14,12,10,2014,20,3,1,1,39.14,122.9194204
238,238,12/10/14,12,10,2014,21,3,1,1,37.94,121.9767293
239,239,12/10/14,12,10,2014,22,3,1,1,39.02,121.6015682
240,240,12/10/14,12,10,2014,23,3,1,1,39.02,120.9575771
241,241,12/11/14,12,11,2014,0,4,1,1,39.14,135.7992424
242,242,12/11/14,12,11,2014,1,4,1,1,39.155,135.1589851
243,243,12/11/14,12,11,2014,2,4,1,1,37.94,134.2125602
244,244,12/11/14,12,11,2014,3,4,1,1,37.94,133.5685691
245,245,12/11/14,12,11,2014,4,4,1,1,37.04,132.700553
246,246,12/11/14,12,11,2014,5,4,1,1,35.96,131.7877319
247,247,12/11/14,12,11,2014,6,4,1,1,35.06,130.9197158
248,248,12/11/14,12,11,2014,7,4,1,0,35.33,130.3429322
249,249,12/11/14,12,11,2014,8,4,1,0,35.33,129.6989411
250,250,12/11/14,12,11,2014,9,4,1,0,34.43,128.830925
251,251,12/11/14,12,11,2014,10,4,1,0,33.98,128.0749214
252,252,12/11/14,12,11,2014,11,4,1,0,33.89,127.4085278
253,253,12/11/14,12,11,2014,12,4,1,0,33.656,126.7062902
254,254,12/11/14,12,11,2014,13,4,1,0,33.86,126.1130781
255,255,12/11/14,12,11,2014,14,4,1,0,33.86,125.469087
256,256,12/11/14,12,11,2014,15,4,1,0,33.98,124.8549659
257,257,12/11/14,12,11,2014,16,4,1,0,33.89,124.1885723
258,258,12/11/14,12,11,2014,17,4,1,0,33.98,123.5669837
259,259,12/11/14,12,11,2014,18,4,1,0,33.08,122.6989676
260,260,12/11/14,12,11,2014,19,4,1,0,33.08,122.0549765
261,261,12/11/14,12,11,2014,20,4,1,1,32,121.1421554
262,262,12/11/14,12,11,2014,21,4,1,1,32,120.4981643
263,263,12/11/14,12,11,2014,22,4,1,1,32,119.8541732
264,264,12/11/14,12,11,2014,23,4,1,1,32,119.2101821
265,265,12/12/14,12,12,2014,0,5,1,1,32,134.0219774
266,266,12/12/14,12,12,2014,1,5,1,1,30.92,133.1091564
267,267,12/12/14,12,12,2014,2,5,1,1,30.92,132.4651653
268,268,12/12/14,12,12,2014,3,5,1,1,30.92,131.8211742
269,269,12/12/14,12,12,2014,4,5,1,1,30.92,131.1771831
270,270,12/12/14,12,12,2014,5,5,1,1,32,130.8020219
271,271,12/12/14,12,12,2014,6,5,1,1,32,130.1580308
272,272,12/12/14,12,12,2014,7,5,1,0,32,129.5140397
273,273,12/12/14,12,12,2014,8,5,1,0,33.98,129.3629036
274,274,12/12/14,12,12,2014,9,5,1,0,35.06,128.9877425
275,275,12/12/14,12,12,2014,10,5,1,0,36.32,128.6573864
276,276,12/12/14,12,12,2014,11,5,1,0,35.96,127.9237853
277,277,12/12/14,12,12,2014,12,5,1,0,37.04,127.5486242
278,278,12/12/14,12,12,2014,13,5,1,0,37.67,127.0614506
279,279,12/12/14,12,12,2014,14,5,1,0,37.94,126.484667
280,280,12/12/14,12,12,2014,15,5,1,0,37.94,125.8406759
281,281,12/12/14,12,12,2014,16,5,1,0,37.04,124.9726598
282,282,12/12/14,12,12,2014,17,5,1,0,35.96,124.0598387
283,283,12/12/14,12,12,2014,18,5,1,0,36.68,123.5950676
284,284,12/12/14,12,12,2014,19,5,1,0,35.33,122.615039
285,285,12/12/14,12,12,2014,20,5,1,1,33.98,121.6350104
286,286,12/12/14,12,12,2014,21,5,1,1,33.98,120.9910193
287,287,12/12/14,12,12,2014,22,5,1,1,33.98,120.3470282
288,288,12/12/14,12,12,2014,23,5,1,1,33.08,119.4790121
289,289,12/13/14,12,13,2014,0,6,0,1,33.08,133.4964089
290,290,12/13/14,12,13,2014,1,6,0,1,33.08,132.8524178
291,291,12/13/14,12,13,2014,2,6,0,1,33.08,132.2084267
292,292,12/13/14,12,13,2014,3,6,0,1,32,131.2956056
293,293,12/13/14,12,13,2014,4,6,0,1,32,130.6516145
294,294,12/13/14,12,13,2014,5,6,0,1,32,130.0076234
295,295,12/13/14,12,13,2014,6,6,0,1,32,129.3636323
296,296,12/13/14,12,13,2014,7,6,0,0,33.08,128.9884712
297,297,12/13/14,12,13,2014,8,6,0,0,33.8,128.5237001
298,298,12/13/14,12,13,2014,9,6,0,0,35.06,128.193344
299,299,12/13/14,12,13,2014,10,6,0,0,35.96,127.7733779
300,300,12/13/14,12,13,2014,11,6,0,0,37.94,127.6222418
301,301,12/13/14,12,13,2014,12,6,0,0,39.92,127.4711056
302,302,12/13/14,12,13,2014,13,6,0,0,41,127.0959445
303,303,12/13/14,12,13,2014,14,6,0,0,41,126.4519534
304,304,12/13/14,12,13,2014,15,6,0,0,39.92,125.5391323
305,305,12/13/14,12,13,2014,16,6,0,0,39.02,124.6711162
306,306,12/13/14,12,13,2014,17,6,0,0,39.02,124.0271251
307,307,12/13/14,12,13,2014,18,6,0,0,37.94,123.1143041
308,308,12/13/14,12,13,2014,19,6,0,0,37.04,122.246288
309,309,12/13/14,12,13,2014,20,6,0,1,35.96,121.3334669
310,310,12/13/14,12,13,2014,21,6,0,1,33.98,120.1966208
311,311,12/13/14,12,13,2014,22,6,0,1,33.98,119.5526297
312,312,12/13/14,12,13,2014,23,6,0,1,33.08,118.6846136
313,313,12/14/14,12,14,2014,0,0,0,1,33.98,133.7204339
314,314,12/14/14,12,14,2014,1,0,0,1,33.98,133.0764428
315,315,12/14/14,12,14,2014,2,0,0,1,33.98,132.4324517
316,316,12/14/14,12,14,2014,3,0,0,1,33.98,131.7884606
317,317,12/14/14,12,14,2014,4,0,0,1,33.08,130.9204445
318,318,12/14/14,12,14,2014,5,0,0,1,33.98,130.5004784
319,319,12/14/14,12,14,2014,6,0,0,1,33.98,129.8564873
320,320,12/14/14,12,14,2014,7,0,0,0,33.98,129.2124962
321,321,12/14/14,12,14,2014,8,0,0,0,35.42,128.9269451
322,322,12/14/14,12,14,2014,9,0,0,0,37.04,128.686199
323,323,12/14/14,12,14,2014,10,0,0,0,39.02,128.5350628
324,324,12/14/14,12,14,2014,11,0,0,0,41,128.3839267
325,325,12/14/14,12,14,2014,12,0,0,0,42.98,128.2327906
326,326,12/14/14,12,14,2014,13,0,0,0,44.06,127.8576295
327,327,12/14/14,12,14,2014,14,0,0,0,44.06,127.2136384
328,328,12/14/14,12,14,2014,15,0,0,0,42.98,126.3008173
329,329,12/14/14,12,14,2014,16,0,0,0,41,125.1639712
330,330,12/14/14,12,14,2014,17,0,0,0,39.92,124.2511501
331,331,12/14/14,12,14,2014,18,0,0,0,37.94,123.1143041
332,332,12/14/14,12,14,2014,19,0,0,0,37.04,122.246288
333,333,12/14/14,12,14,2014,20,0,0,1,35.06,121.1094419
334,334,12/14/14,12,14,2014,21,0,0,1,35.06,120.4654508
335,335,12/14/14,12,14,2014,22,0,0,1,33.98,119.5526297
336,336,12/14/14,12,14,2014,23,0,0,1,33.98,118.9086386
337,337,12/15/14,12,15,2014,0,1,1,1,33.98,134.5148324
338,338,12/15/14,12,15,2014,1,1,1,1,33.08,133.6468163
339,339,12/15/14,12,15,2014,2,1,1,1,33.08,133.0028252
340,340,12/15/14,12,15,2014,3,1,1,1,33.08,132.3588341
341,341,12/15/14,12,15,2014,4,1,1,1,33.08,131.714843
342,342,12/15/14,12,15,2014,5,1,1,1,33.08,131.0708519
343,343,12/15/14,12,15,2014,6,1,1,1,32,130.1580308
344,344,12/15/14,12,15,2014,7,1,1,0,33.98,130.0068947
345,345,12/15/14,12,15,2014,8,1,1,0,35.06,129.6317336
346,346,12/15/14,12,15,2014,9,1,1,0,37.04,129.4805975
347,347,12/15/14,12,15,2014,10,1,1,0,39.02,129.3294614
348,348,12/15/14,12,15,2014,11,1,1,0,41,129.1783253
349,349,12/15/14,12,15,2014,12,1,1,0,39.92,128.2655042
350,350,12/15/14,12,15,2014,13,1,1,0,39.92,127.6215131
351,351,12/15/14,12,15,2014,14,1,1,0,39.02,126.753497
352,352,12/15/14,12,15,2014,15,1,1,0,37.94,125.8406759
353,353,12/15/14,12,15,2014,16,1,1,0,37.04,124.9726598
354,354,12/15/14,12,15,2014,17,1,1,0,39.02,124.8215237
355,355,12/15/14,12,15,2014,18,1,1,0,37.04,123.6846776
356,356,12/15/14,12,15,2014,19,1,1,0,37.94,123.2647115
357,357,12/15/14,12,15,2014,20,1,1,1,35.96,122.1278654
358,358,12/15/14,12,15,2014,21,1,1,1,35.96,121.4838743
359,359,12/15/14,12,15,2014,22,1,1,1,36.32,120.9294932
360,360,12/15/14,12,15,2014,23,1,1,1,37.94,120.6887471
361,361,12/16/14,12,16,2014,0,2,1,1,35.96,135.0076874
362,362,12/16/14,12,16,2014,1,2,1,1,35.06,134.1396713
363,363,12/16/14,12,16,2014,2,2,1,1,35.06,133.4956802
364,364,12/16/14,12,16,2014,3,2,1,1,35.06,132.8516891
365,365,12/16/14,12,16,2014,4,2,1,1,35.96,132.431723
366,366,12/16/14,12,16,2014,5,2,1,1,37.04,132.0565619
367,367,12/16/14,12,16,2014,6,2,1,1,37.94,131.6365958
368,368,12/16/14,12,16,2014,7,2,1,0,39.02,131.2614347
369,369,12/16/14,12,16,2014,8,2,1,0,39.02,130.6174436
370,370,12/16/14,12,16,2014,9,2,1,0,39.92,130.1974775
371,371,12/16/14,12,16,2014,10,2,1,0,41,129.8223164
372,372,12/16/14,12,16,2014,11,2,1,0,39.92,128.9094953
373,373,12/16/14,12,16,2014,12,2,1,0,39.92,128.2655042
374,374,12/16/14,12,16,2014,13,2,1,0,39.92,127.6215131
375,375,12/16/14,12,16,2014,14,2,1,0,39.92,126.977522
376,376,12/16/14,12,16,2014,15,2,1,0,39.92,126.3335309
377,377,12/16/14,12,16,2014,16,2,1,0,41,125.9583698
378,378,12/16/14,12,16,2014,17,2,1,0,41.54,125.4487937
379,379,12/16/14,12,16,2014,18,2,1,0,42.08,124.9392176
380,380,12/16/14,12,16,2014,19,2,1,0,42.98,124.5192515
381,381,12/16/14,12,16,2014,20,2,1,1,43.43,123.9872729
382,382,12/16/14,12,16,2014,21,2,1,1,44.06,123.5000993
383,383,12/16/14,12,16,2014,22,2,1,1,44.06,122.8561082
384,384,12/16/14,12,16,2014,23,2,1,1,42.98,121.9432871
385,385,12/17/14,12,17,2014,0,3,1,1,43.46,136.8745624
386,386,12/17/14,12,17,2014,1,3,1,1,44.06,136.3799213
387,387,12/17/14,12,17,2014,2,3,1,1,44.96,135.9599552
388,388,12/17/14,12,17,2014,3,3,1,1,46.04,135.5847941
389,389,12/17/14,12,17,2014,4,3,1,1,46.94,135.164828
390,390,12/17/14,12,17,2014,5,3,1,1,44.96,134.0279819
391,391,12/17/14,12,17,2014,6,3,1,1,44.42,133.2495758
392,392,12/17/14,12,17,2014,7,3,1,0,42.98,132.2471447
393,393,12/17/14,12,17,2014,8,3,1,0,42.98,131.6031536
394,394,12/17/14,12,17,2014,9,3,1,0,42.89,130.93676
395,395,12/17/14,12,17,2014,10,3,1,0,42.44,130.1807564
396,396,12/17/14,12,17,2014,11,3,1,0,42.86,129.6413103
397,397,12/17/14,12,17,2014,12,3,1,0,44.78,129.4752392
398,398,12/17/14,12,17,2014,13,3,1,0,46.04,129.1448831
399,399,12/17/14,12,17,2014,14,3,1,0,46.67,128.6577095
400,400,12/17/14,12,17,2014,15,3,1,0,47.21,128.1481334
401,401,12/17/14,12,17,2014,16,3,1,0,48.02,127.7057647
402,402,12/17/14,12,17,2014,17,3,1,0,46.94,126.7929437
403,403,12/17/14,12,17,2014,18,3,1,0,45.86,125.8801226
404,404,12/17/14,12,17,2014,19,3,1,0,44.96,125.0121065
405,405,12/17/14,12,17,2014,20,3,1,1,44.06,124.1440904
406,406,12/17/14,12,17,2014,21,3,1,1,42.98,123.2312693
407,407,12/17/14,12,17,2014,22,3,1,1,42.08,122.3632532
408,408,12/17/14,12,17,2014,23,3,1,1,41,121.4504321
409,409,12/18/14,12,18,2014,0,4,1,1,39.92,135.9933974
410,410,12/18/14,12,18,2014,1,4,1,1,39.92,135.3494063
411,411,12/18/14,12,18,2014,2,4,1,1,39.92,134.7054152
412,412,12/18/14,12,18,2014,3,4,1,1,39.92,134.0614241
413,413,12/18/14,12,18,2014,4,4,1,1,39.02,133.193408
414,414,12/18/14,12,18,2014,5,4,1,1,37.04,132.0565619
415,415,12/18/14,12,18,2014,6,4,1,1,37.04,131.4125708
416,416,12/18/14,12,18,2014,7,4,1,0,36.32,130.5893597
417,417,12/18/14,12,18,2014,8,4,1,0,37.04,130.1245886
418,418,12/18/14,12,18,2014,9,4,1,0,39.92,130.1974775
419,419,12/18/14,12,18,2014,10,4,1,0,41,129.8223164
420,420,12/18/14,12,18,2014,11,4,1,0,42.98,129.6711803
421,421,12/18/14,12,18,2014,12,4,1,0,42.98,129.0271892
422,422,12/18/14,12,18,2014,13,4,1,0,42.98,128.3831981
423,423,12/18/14,12,18,2014,14,4,1,0,42.98,127.739207
424,424,12/18/14,12,18,2014,15,4,1,0,42.08,126.8711909
425,425,12/18/14,12,18,2014,16,4,1,0,41,125.9583698
426,426,12/18/14,12,18,2014,17,4,1,0,41,125.3143787
427,427,12/18/14,12,18,2014,18,4,1,0,39.92,124.4015576
428,428,12/18/14,12,18,2014,19,4,1,0,39.02,123.5335415
429,429,12/18/14,12,18,2014,20,4,1,1,39.02,122.8895504
430,430,12/18/14,12,18,2014,21,4,1,1,39.02,122.2455593
431,431,12/18/14,12,18,2014,22,4,1,1,37.94,121.3327382
432,432,12/18/14,12,18,2014,23,4,1,1,37.04,120.4647221
433,433,12/19/14,12,19,2014,0,5,1,1,37.04,135.2765174
434,434,12/19/14,12,19,2014,1,5,1,1,37.04,134.6325263
435,435,12/19/14,12,19,2014,2,5,1,1,35.96,133.7197052
436,436,12/19/14,12,19,2014,3,5,1,1,35.06,132.8516891
437,437,12/19/14,12,19,2014,4,5,1,1,35.06,132.207698
438,438,12/19/14,12,19,2014,5,5,1,1,33.98,131.2948769
439,439,12/19/14,12,19,2014,6,5,1,1,33.98,130.6508858
440,440,12/19/14,12,19,2014,7,5,1,0,33.98,130.0068947
441,441,12/19/14,12,19,2014,8,5,1,0,35.06,129.6317336
442,442,12/19/14,12,19,2014,9,5,1,0,33.98,128.7189125
443,443,12/19/14,12,19,2014,10,5,1,0,33.98,128.0749214
444,444,12/19/14,12,19,2014,11,5,1,0,35.06,127.6997603
445,445,12/19/14,12,19,2014,12,5,1,0,35.06,127.0557692
446,446,12/19/14,12,19,2014,13,5,1,0,35.06,126.4117781
447,447,12/19/14,12,19,2014,14,5,1,0,35.06,125.767787
448,448,12/19/14,12,19,2014,15,5,1,0,35.06,125.1237959
449,449,12/19/14,12,19,2014,16,5,1,0,33.08,123.9869498
450,450,12/19/14,12,19,2014,17,5,1,0,32,123.0741287
451,451,12/19/14,12,19,2014,18,5,1,0,30.92,122.1613077
452,452,12/19/14,12,19,2014,19,5,1,0,30.92,121.5173166
453,453,12/19/14,12,19,2014,20,5,1,1,30.02,120.6493005
454,454,12/19/14,12,19,2014,21,5,1,1,30.02,120.0053094
455,455,12/19/14,12,19,2014,22,5,1,1,28.94,119.0924883
456,456,12/19/14,12,19,2014,23,5,1,1,28.94,118.4484972
457,457,12/20/14,12,20,2014,0,6,0,1,28.04,132.2418689
458,458,12/20/14,12,20,2014,1,6,0,1,28.04,131.5978778
459,459,12/20/14,12,20,2014,2,6,0,1,28.04,130.9538867
460,460,12/20/14,12,20,2014,3,6,0,1,28.04,130.3098956
461,461,12/20/14,12,20,2014,4,6,0,1,28.04,129.6659045
462,462,12/20/14,12,20,2014,5,6,0,1,28.04,129.0219134
463,463,12/20/14,12,20,2014,6,6,0,1,26.96,128.1090923
464,464,12/20/14,12,20,2014,7,6,0,0,28.04,127.7339312
465,465,12/20/14,12,20,2014,8,6,0,0,30.02,127.5827951
466,466,12/20/14,12,20,2014,9,6,0,0,30.11,126.9612065
467,467,12/20/14,12,20,2014,10,6,0,0,30.92,126.5188379
468,468,12/20/14,12,20,2014,11,6,0,0,33.08,126.4125068
469,469,12/20/14,12,20,2014,12,6,0,0,33.08,125.7685157
470,470,12/20/14,12,20,2014,13,6,0,0,33.98,125.3485496
471,471,12/20/14,12,20,2014,14,6,0,0,33.8,124.6597535
472,472,12/20/14,12,20,2014,15,6,0,0,33.98,124.0605674
473,473,12/20/14,12,20,2014,16,6,0,0,33.08,123.1925513
474,474,12/20/14,12,20,2014,17,6,0,0,33.44,122.6381702
475,475,12/20/14,12,20,2014,18,6,0,0,33.89,122.1061916
476,476,12/20/14,12,20,2014,19,6,0,0,35.06,121.753433
477,477,12/20/14,12,20,2014,20,6,0,1,35.06,121.1094419
478,478,12/20/14,12,20,2014,21,6,0,1,35.06,120.4654508
479,479,12/20/14,12,20,2014,22,6,0,1,35.06,119.8214597
480,480,12/20/14,12,20,2014,23,6,0,1,35.06,119.1774686
481,481,12/21/14,12,21,2014,0,0,0,1,35.06,133.9892639
482,482,12/21/14,12,21,2014,1,0,0,1,35.33,133.4124803
483,483,12/21/14,12,21,2014,2,0,0,1,35.06,132.7012817
484,484,12/21/14,12,21,2014,3,0,0,1,35.06,132.0572906
485,485,12/21/14,12,21,2014,4,0,0,1,32,130.6516145
486,486,12/21/14,12,21,2014,5,0,0,1,32,130.0076234
487,487,12/21/14,12,21,2014,6,0,0,1,30.92,129.0948023
488,488,12/21/14,12,21,2014,7,0,0,0,30.02,128.2267862
489,489,12/21/14,12,21,2014,8,0,0,0,30.02,127.5827951
490,490,12/21/14,12,21,2014,9,0,0,0,30.11,126.9612065
491,491,12/21/14,12,21,2014,10,0,0,0,30.92,126.5188379
492,492,12/21/14,12,21,2014,11,0,0,0,32,126.1436768
493,493,12/21/14,12,21,2014,12,0,0,0,32,125.4996857
494,494,12/21/14,12,21,2014,13,0,0,0,33.08,125.1245246
495,495,12/21/14,12,21,2014,14,0,0,0,33.08,124.4805335
496,496,12/21/14,12,21,2014,15,0,0,0,33.8,124.0157624
497,497,12/21/14,12,21,2014,16,0,0,0,33.98,123.4165763
498,498,12/21/14,12,21,2014,17,0,0,0,33.89,122.7501827
499,499,12/21/14,12,21,2014,18,0,0,0,33.98,122.1285941
500,500,12/21/14,12,21,2014,19,0,0,0,33.98,121.484603
501,501,12/21/14,12,21,2014,20,0,0,1,33.98,120.8406119
502,502,12/21/14,12,21,2014,21,0,0,1,33.98,120.1966208
503,503,12/21/14,12,21,2014,22,0,0,1,33.98,119.5526297
504,504,12/21/14,12,21,2014,23,0,0,1,33.98,118.9086386
505,505,12/22/14,12,22,2014,0,1,1,1,33.08,134.2908074
506,506,12/22/14,12,22,2014,1,1,1,1,33.08,133.6468163
507,507,12/22/14,12,22,2014,2,1,1,1,33.08,133.0028252
508,508,12/22/14,12,22,2014,3,1,1,1,33.08,132.3588341
509,509,12/22/14,12,22,2014,4,1,1,1,33.08,131.714843
510,510,12/22/14,12,22,2014,5,1,1,1,33.08,131.0708519
511,511,12/22/14,12,22,2014,6,1,1,1,33.56,130.5463408
512,512,12/22/14,12,22,2014,7,1,1,0,33.98,130.0068947
513,513,12/22/14,12,22,2014,8,1,1,0,35.06,129.6317336
514,514,12/22/14,12,22,2014,9,1,1,0,37.94,129.7046225
515,515,12/22/14,12,22,2014,10,1,1,0,39.92,129.5534864
516,516,12/22/14,12,22,2014,11,1,1,0,42.08,129.4471553
517,517,12/22/14,12,22,2014,12,1,1,0,44.06,129.2960192
518,518,12/22/14,12,22,2014,13,1,1,0,43.46,128.5026781
519,519,12/22/14,12,22,2014,14,1,1,0,42.44,127.604792
520,520,12/22/14,12,22,2014,15,1,1,0,41.9,126.8263859
521,521,12/22/14,12,22,2014,16,1,1,0,41,125.9583698
522,522,12/22/14,12,22,2014,17,1,1,0,41,125.3143787
523,523,12/22/14,12,22,2014,18,1,1,0,40.1,124.4463626
524,524,12/22/14,12,22,2014,19,1,1,0,42.56,124.4147065
525,525,12/22/14,12,22,2014,20,1,1,1,41,123.3824054
526,526,12/22/14,12,22,2014,21,1,1,1,42.08,123.0072443
527,527,12/22/14,12,22,2014,22,1,1,1,42.08,122.3632532
528,528,12/22/14,12,22,2014,23,1,1,1,42.08,121.7192621
529,529,12/23/14,12,23,2014,0,2,1,1,42.89,136.7326799
530,530,12/23/14,12,23,2014,1,2,1,1,42.89,136.0886888
531,531,12/23/14,12,23,2014,2,2,1,1,42.86,135.4372302
532,532,12/23/14,12,23,2014,3,2,1,1,42.86,134.7932391
533,533,12/23/14,12,23,2014,4,2,1,1,43.43,134.2911305
534,534,12/23/14,12,23,2014,5,2,1,1,42.98,133.5351269
535,535,12/23/14,12,23,2014,6,2,1,1,42.845,132.857532
536,536,12/23/14,12,23,2014,7,2,1,0,44.06,132.5159747
537,537,12/23/14,12,23,2014,8,2,1,0,44.06,131.8719836
538,538,12/23/14,12,23,2014,9,2,1,0,44.96,131.4520175
539,539,12/23/14,12,23,2014,10,2,1,0,44.06,130.5840014
540,540,12/23/14,12,23,2014,11,2,1,0,44.96,130.1640353
541,541,12/23/14,12,23,2014,12,2,1,0,44.96,129.5200442
542,542,12/23/14,12,23,2014,13,2,1,0,44.72,128.8163131
543,543,12/23/14,12,23,2014,14,2,1,0,44.96,128.232062
544,544,12/23/14,12,23,2014,15,2,1,0,44.96,127.5880709
545,545,12/23/14,12,23,2014,16,2,1,0,45.68,127.1232998
546,546,12/23/14,12,23,2014,17,2,1,0,46.04,126.5689187
547,547,12/23/14,12,23,2014,18,2,1,0,46.04,125.9249276
548,548,12/23/14,12,23,2014,19,2,1,0,46.04,125.2809365
549,549,12/23/14,12,23,2014,20,2,1,1,46.04,124.6369454
550,550,12/23/14,12,23,2014,21,2,1,1,42.98,123.2312693
551,551,12/23/14,12,23,2014,22,2,1,1,42.98,122.5872782
552,552,12/23/14,12,23,2014,23,2,1,1,42.08,121.7192621
553,553,12/24/14,12,24,2014,0,3,1,1,42.08,136.5310574
554,554,12/24/14,12,24,2014,1,3,1,1,42.08,135.8870663
555,555,12/24/14,12,24,2014,2,3,1,1,42.08,135.2430752
556,556,12/24/14,12,24,2014,3,3,1,1,42.08,134.5990841
557,557,12/24/14,12,24,2014,4,3,1,1,41,133.686263
558,558,12/24/14,12,24,2014,5,3,1,1,41,133.0422719
559,559,12/24/14,12,24,2014,6,3,1,1,41,132.3982808
560,560,12/24/14,12,24,2014,7,3,1,0,42.08,132.0231197
561,561,12/24/14,12,24,2014,8,3,1,0,42.08,131.3791286
562,562,12/24/14,12,24,2014,9,3,1,0,42.98,130.9591625
563,563,12/24/14,12,24,2014,10,3,1,0,44.96,130.8080264
564,564,12/24/14,12,24,2014,11,3,1,0,44.96,130.1640353
565,565,12/24/14,12,24,2014,12,3,1,0,44.96,129.5200442
566,566,12/24/14,12,24,2014,13,3,1,0,44.96,128.8760531
567,567,12/24/14,12,24,2014,14,3,1,0,44.96,128.232062
568,568,12/24/14,12,24,2014,15,3,1,0,44.96,127.5880709
569,569,12/24/14,12,24,2014,16,3,1,0,46.04,127.2129098
570,570,12/24/14,12,24,2014,17,3,1,0,44.78,126.2552837
571,571,12/24/14,12,24,2014,18,3,1,0,46.22,125.9697326
572,572,12/24/14,12,24,2014,19,3,1,0,46.04,125.2809365
573,573,12/24/14,12,24,2014,20,3,1,1,44.78,124.3233104
574,574,12/24/14,12,24,2014,21,3,1,1,44.78,123.6793193
575,575,12/24/14,12,24,2014,22,3,1,1,46.04,123.3489632
576,576,12/24/14,12,24,2014,23,3,1,1,44.96,122.4361421
577,577,12/25/14,12,25,2014,0,4,1,1,44.78,137.2031324
578,578,12/25/14,12,25,2014,1,4,1,1,44.72,136.5442063
579,579,12/25/14,12,25,2014,2,4,1,1,46.94,136.4528102
580,580,12/25/14,12,25,2014,3,4,1,1,57.92,138.541924
581,581,12/25/14,12,25,2014,4,4,1,1,58.46,138.0323479
582,582,12/25/14,12,25,2014,5,4,1,1,57.56,137.1643318
583,583,12/25/14,12,25,2014,6,4,1,1,57.56,136.5203407
584,584,12/25/14,12,25,2014,7,4,1,0,55.67,135.4058971
585,585,12/25/14,12,25,2014,8,4,1,0,57.02,135.0979435
586,586,12/25/14,12,25,2014,9,4,1,0,53.96,133.6922674
587,587,12/25/14,12,25,2014,10,4,1,0,51.98,132.5554213
588,588,12/25/14,12,25,2014,11,4,1,0,50,131.4185752
589,589,12/25/14,12,25,2014,12,4,1,0,51.08,131.0434141
590,590,12/25/14,12,25,2014,13,4,1,0,51.08,130.399423
591,591,12/25/14,12,25,2014,14,4,1,0,50,129.4866019
592,592,12/25/14,12,25,2014,15,4,1,0,48.02,128.3497558
593,593,12/25/14,12,25,2014,16,4,1,0,46.94,127.4369348
594,594,12/25/14,12,25,2014,17,4,1,0,46.94,126.7929437
595,595,12/25/14,12,25,2014,18,4,1,0,46.94,126.1489526
596,596,12/25/14,12,25,2014,19,4,1,0,46.04,125.2809365
597,597,12/25/14,12,25,2014,20,4,1,1,46.04,124.6369454
598,598,12/25/14,12,25,2014,21,4,1,1,44.96,123.7241243
599,599,12/25/14,12,25,2014,22,4,1,1,44.96,123.0801332
600,600,12/25/14,12,25,2014,23,4,1,1,44.06,122.2121171
601,601,12/26/14,12,26,2014,0,5,1,1,42.98,136.7550824
602,602,12/26/14,12,26,2014,1,5,1,1,42.08,135.8870663
603,603,12/26/14,12,26,2014,2,5,1,1,42.08,135.2430752
604,604,12/26/14,12,26,2014,3,5,1,1,39.92,134.0614241
605,605,12/26/14,12,26,2014,4,5,1,1,41,133.686263
606,606,12/26/14,12,26,2014,5,5,1,1,37.94,132.2805869
607,607,12/26/14,12,26,2014,6,5,1,1,37.94,131.6365958
608,608,12/26/14,12,26,2014,7,5,1,0,39.02,131.2614347
609,609,12/26/14,12,26,2014,8,5,1,0,42.98,131.6031536
610,610,12/26/14,12,26,2014,9,5,1,0,44.96,131.4520175
611,611,12/26/14,12,26,2014,10,5,1,0,46.04,131.0768564
612,612,12/26/14,12,26,2014,11,5,1,0,46.94,130.6568903
613,613,12/26/14,12,26,2014,12,5,1,0,48.02,130.2817291
614,614,12/26/14,12,26,2014,13,5,1,0,48.92,129.861763
615,615,12/26/14,12,26,2014,14,5,1,0,48.92,129.2177719
616,616,12/26/14,12,26,2014,15,5,1,0,48.02,128.3497558
617,617,12/26/14,12,26,2014,16,5,1,0,48.02,127.7057647
618,618,12/26/14,12,26,2014,17,5,1,0,46.04,126.5689187
619,619,12/26/14,12,26,2014,18,5,1,0,44.96,125.6560976
620,620,12/26/14,12,26,2014,19,5,1,0,44.06,124.7880815
621,621,12/26/14,12,26,2014,20,5,1,1,42.98,123.8752604
622,622,12/26/14,12,26,2014,21,5,1,1,42.98,123.2312693
623,623,12/26/14,12,26,2014,22,5,1,1,42.08,122.3632532
624,624,12/26/14,12,26,2014,23,5,1,1,41,121.4504321
625,625,12/27/14,12,27,2014,0,6,0,1,39.92,135.1989988
626,626,12/27/14,12,27,2014,1,6,0,1,39.92,134.5550077
627,627,12/27/14,12,27,2014,2,6,0,1,41,134.1798466
628,628,12/27/14,12,27,2014,3,6,0,1,41,133.5358555
629,629,12/27/14,12,27,2014,4,6,0,1,39.92,132.6230344
630,630,12/27/14,12,27,2014,5,6,0,1,41,132.2478733
631,631,12/27/14,12,27,2014,6,6,0,1,39.92,131.3350522
632,632,12/27/14,12,27,2014,7,6,0,0,41,130.9598911
633,633,12/27/14,12,27,2014,8,6,0,0,42.98,130.808755
634,634,12/27/14,12,27,2014,9,6,0,0,44.96,130.6576189
635,635,12/27/14,12,27,2014,10,6,0,0,48.02,130.7753128
636,636,12/27/14,12,27,2014,11,6,0,0,50,130.6241767
637,637,12/27/14,12,27,2014,12,6,0,0,51.98,130.4730406
638,638,12/27/14,12,27,2014,13,6,0,0,51.8,129.7842445
639,639,12/27/14,12,27,2014,14,6,0,0,51.98,129.1850584
640,640,12/27/14,12,27,2014,15,6,0,0,50,128.0482123
641,641,12/27/14,12,27,2014,16,6,0,0,48.02,126.9113662
642,642,12/27/14,12,27,2014,17,6,0,0,46.94,125.9985451
643,643,12/27/14,12,27,2014,18,6,0,0,46.04,125.130529
644,644,12/27/14,12,27,2014,19,6,0,0,44.96,124.2177079
645,645,12/27/14,12,27,2014,20,6,0,1,44.06,123.3496918
646,646,12/27/14,12,27,2014,21,6,0,1,42.98,122.4368707
647,647,12/27/14,12,27,2014,22,6,0,1,44.06,122.0617096
648,648,12/27/14,12,27,2014,23,6,0,1,42.98,121.1488885
649,649,12/28/14,12,28,2014,0,0,0,1,44.96,136.4535388
650,650,12/28/14,12,28,2014,1,0,0,1,44.96,135.8095477
651,651,12/28/14,12,28,2014,2,0,0,1,44.96,135.1655566
652,652,12/28/14,12,28,2014,3,0,0,1,44.96,134.5215655
653,653,12/28/14,12,28,2014,4,0,0,1,44.96,133.8775744
654,654,12/28/14,12,28,2014,5,0,0,1,44.96,133.2335833
655,655,12/28/14,12,28,2014,6,0,0,1,44.96,132.5895922
656,656,12/28/14,12,28,2014,7,0,0,0,46.04,132.2144311
657,657,12/28/14,12,28,2014,8,0,0,0,46.04,131.57044
658,658,12/28/14,12,28,2014,9,0,0,0,46.94,131.1504739
659,659,12/28/14,12,28,2014,10,0,0,0,48.02,130.7753128
660,660,12/28/14,12,28,2014,11,0,0,0,48.92,130.3553467
661,661,12/28/14,12,28,2014,12,0,0,0,50,129.9801856
662,662,12/28/14,12,28,2014,13,0,0,0,51.08,129.6050245
663,663,12/28/14,12,28,2014,14,0,0,0,51.98,129.1850584
664,664,12/28/14,12,28,2014,15,0,0,0,48.92,127.7793823
665,665,12/28/14,12,28,2014,16,0,0,0,46.94,126.6425362
666,666,12/28/14,12,28,2014,17,0,0,0,46.94,125.9985451
667,667,12/28/14,12,28,2014,18,0,0,0,46.04,125.130529
668,668,12/28/14,12,28,2014,19,0,0,0,44.96,124.2177079
669,669,12/28/14,12,28,2014,20,0,0,1,44.06,123.3496918
670,670,12/28/14,12,28,2014,21,0,0,1,42.08,122.2128457
671,671,12/28/14,12,28,2014,22,0,0,1,41,121.3000246
672,672,12/28/14,12,28,2014,23,0,0,1,39.92,120.3872035
673,673,12/29/14,12,29,2014,0,1,1,1,39.02,135.7693724
674,674,12/29/14,12,29,2014,1,1,1,1,37.94,134.8565513
675,675,12/29/14,12,29,2014,2,1,1,1,37.04,133.9885352
676,676,12/29/14,12,29,2014,3,1,1,1,35.96,133.0757141
677,677,12/29/14,12,29,2014,4,1,1,1,35.96,132.431723
678,678,12/29/14,12,29,2014,5,1,1,1,35.96,131.7877319
679,679,12/29/14,12,29,2014,6,1,1,1,35.06,130.9197158
680,680,12/29/14,12,29,2014,7,1,1,0,35.06,130.2757247
681,681,12/29/14,12,29,2014,8,1,1,0,35.06,129.6317336
682,682,12/29/14,12,29,2014,9,1,1,0,39.02,129.9734525
683,683,12/29/14,12,29,2014,10,1,1,0,39.92,129.5534864
684,684,12/29/14,12,29,2014,11,1,1,0,41,129.1783253
685,685,12/29/14,12,29,2014,12,1,1,0,39.92,128.2655042
686,686,12/29/14,12,29,2014,13,1,1,0,41,127.8903431
687,687,12/29/14,12,29,2014,14,1,1,0,39.92,126.977522
688,688,12/29/14,12,29,2014,15,1,1,0,39.92,126.3335309
689,689,12/29/14,12,29,2014,16,1,1,0,39.02,125.4655148
690,690,12/29/14,12,29,2014,17,1,1,0,37.94,124.5526937
691,691,12/29/14,12,29,2014,18,1,1,0,35.06,123.1918226
692,692,12/29/14,12,29,2014,19,1,1,0,33.08,122.0549765
693,693,12/29/14,12,29,2014,20,1,1,1,32,121.1421554
694,694,12/29/14,12,29,2014,21,1,1,1,30.92,120.2293344
695,695,12/29/14,12,29,2014,22,1,1,1,30.92,119.5853433
696,696,12/29/14,12,29,2014,23,1,1,1,30.02,118.7173272
697,697,12/30/14,12,30,2014,0,2,1,1,28.04,133.0362675
698,698,12/30/14,12,30,2014,1,2,1,1,26.96,132.1234464
699,699,12/30/14,12,30,2014,2,2,1,1,24.98,130.9866003
700,700,12/30/14,12,30,2014,3,2,1,1,24.08,130.1185842
701,701,12/30/14,12,30,2014,4,2,1,1,24.08,129.4745931
702,702,12/30/14,12,30,2014,5,2,1,1,23,128.561772
703,703,12/30/14,12,30,2014,6,2,1,1,23,127.9177809
704,704,12/30/14,12,30,2014,7,2,1,0,23,127.2737898
705,705,12/30/14,12,30,2014,8,2,1,0,24.08,126.8986287
706,706,12/30/14,12,30,2014,9,2,1,0,24.98,126.4786626
707,707,12/30/14,12,30,2014,10,2,1,0,26.06,126.1035015
708,708,12/30/14,12,30,2014,11,2,1,0,26.96,125.6835354
709,709,12/30/14,12,30,2014,12,2,1,0,28.04,125.3083743
710,710,12/30/14,12,30,2014,13,2,1,0,28.94,124.8884082
711,711,12/30/14,12,30,2014,14,2,1,0,30.02,124.5132471
712,712,12/30/14,12,30,2014,15,2,1,0,28.94,123.600426
713,713,12/30/14,12,30,2014,16,2,1,0,28.04,122.7324099
714,714,12/30/14,12,30,2014,17,2,1,0,26.96,121.8195888
715,715,12/30/14,12,30,2014,18,2,1,0,26.06,120.9515727
716,716,12/30/14,12,30,2014,19,2,1,0,24.98,120.0387516
717,717,12/30/14,12,30,2014,20,2,1,1,24.98,119.3947605
718,718,12/30/14,12,30,2014,21,2,1,1,24.08,118.5267444
719,719,12/30/14,12,30,2014,22,2,1,1,23,117.6139233
720,720,12/30/14,12,30,2014,23,2,1,1,21.92,116.7011022
721,721,12/31/14,12,31,2014,0,3,1,1,21.02,131.2888725
722,722,12/31/14,12,31,2014,1,3,1,1,19.94,130.3760514
723,723,12/31/14,12,31,2014,2,3,1,1,19.94,129.7320603
724,724,12/31/14,12,31,2014,3,3,1,1,19.94,129.0880692
725,725,12/31/14,12,31,2014,4,3,1,1,19.94,128.4440781
726,726,12/31/14,12,31,2014,5,3,1,1,19.94,127.800087
727,727,12/31/14,12,31,2014,6,3,1,1,19.94,127.1560959
728,728,12/31/14,12,31,2014,7,3,1,0,21.02,126.7809348
729,729,12/31/14,12,31,2014,8,3,1,0,24.08,126.8986287
730,730,12/31/14,12,31,2014,9,3,1,0,26.06,126.7474926
731,731,12/31/14,12,31,2014,10,3,1,0,28.04,126.5963565
732,732,12/31/14,12,31,2014,11,3,1,0,28.94,126.1763904
733,733,12/31/14,12,31,2014,12,3,1,0,28.94,125.5323993
734,734,12/31/14,12,31,2014,13,3,1,0,28.94,124.8884082
735,735,12/31/14,12,31,2014,14,3,1,0,28.94,124.2444171
736,736,12/31/14,12,31,2014,15,3,1,0,28.04,123.376401
737,737,12/31/14,12,31,2014,16,3,1,0,26.96,122.4635799
738,738,12/31/14,12,31,2014,17,3,1,0,26.06,121.5955638
739,739,12/31/14,12,31,2014,18,3,1,0,26.06,120.9515727
740,740,12/31/14,12,31,2014,19,3,1,0,24.98,120.0387516
741,741,12/31/14,12,31,2014,20,3,1,1,24.98,119.3947605
742,742,12/31/14,12,31,2014,21,3,1,1,23,118.2579144
743,743,12/31/14,12,31,2014,22,3,1,1,21.92,117.3450933
744,744,12/31/14,12,31,2014,23,3,1,1,21.92,116.7011022